email,firstname,lastname,username
student1@virginia.edu,firstnameent1,lastnameent1,student1
student2@virginia.edu,firstnameent2,lastnameent2,student2
student3@virginia.edu,firstnameent3,lastnameent3,student3
student4@virginia.edu,firstnameent4,lastnameent4,student4
student5@virginia.edu,firstnameent5,lastnameent5,student5
student6@virginia.edu,firstnameent6,lastnameent6,student6
student7@virginia.edu,firstnameent7,lastnameent7,student7
student8@virginia.edu,firstnameent8,lastnameent8,student8
student9@virginia.edu,firstnameent9,lastnameent9,student9
student10@virginia.edu,firstnament10,lastnament10,student10
student11@virginia.edu,firstnament11,lastnament11,student11
student12@virginia.edu,firstnament12,lastnament12,student12
student13@virginia.edu,firstnament13,lastnament13,student13
student14@virginia.edu,firstnament14,lastnament14,student14
student15@virginia.edu,firstnament15,lastnament15,student15
student16@virginia.edu,firstnament16,lastnament16,student16
student17@virginia.edu,firstnament17,lastnament17,student17
student18@virginia.edu,firstnament18,lastnament18,student18
student19@virginia.edu,firstnament19,lastnament19,student19
student20@virginia.edu,firstnament20,lastnament20,student20
student21@virginia.edu,firstnament21,lastnament21,student21
student22@virginia.edu,firstnament22,lastnament22,student22
student23@virginia.edu,firstnament23,lastnament23,student23
student24@virginia.edu,firstnament24,lastnament24,student24
student25@virginia.edu,firstnament25,lastnament25,student25
student26@virginia.edu,firstnament26,lastnament26,student26
student27@virginia.edu,firstnament27,lastnament27,student27
student28@virginia.edu,firstnament28,lastnament28,student28
student29@virginia.edu,firstnament29,lastnament29,student29
student30@virginia.edu,firstnament30,lastnament30,student30
student31@virginia.edu,firstnament31,lastnament31,student31
student32@virginia.edu,firstnament32,lastnament32,student32
student33@virginia.edu,firstnament33,lastnament33,student33
student34@virginia.edu,firstnament34,lastnament34,student34
student35@virginia.edu,firstnament35,lastnament35,student35
student36@virginia.edu,firstnament36,lastnament36,student36
student37@virginia.edu,firstnament37,lastnament37,student37
student38@virginia.edu,firstnament38,lastnament38,student38
student39@virginia.edu,firstnament39,lastnament39,student39
student40@virginia.edu,firstnament40,lastnament40,student40
student41@virginia.edu,firstnament41,lastnament41,student41
student42@virginia.edu,firstnament42,lastnament42,student42
student43@virginia.edu,firstnament43,lastnament43,student43
student44@virginia.edu,firstnament44,lastnament44,student44
student45@virginia.edu,firstnament45,lastnament45,student45
student46@virginia.edu,firstnament46,lastnament46,student46
student47@virginia.edu,firstnament47,lastnament47,student47
student48@virginia.edu,firstnament48,lastnament48,student48
student49@virginia.edu,firstnament49,lastnament49,student49
student50@virginia.edu,firstnament50,lastnament50,student50
student51@virginia.edu,firstnament51,lastnament51,student51
student52@virginia.edu,firstnament52,lastnament52,student52
student53@virginia.edu,firstnament53,lastnament53,student53
student54@virginia.edu,firstnament54,lastnament54,student54
student55@virginia.edu,firstnament55,lastnament55,student55
student56@virginia.edu,firstnament56,lastnament56,student56
student57@virginia.edu,firstnament57,lastnament57,student57
student58@virginia.edu,firstnament58,lastnament58,student58
student59@virginia.edu,firstnament59,lastnament59,student59
student60@virginia.edu,firstnament60,lastnament60,student60
student61@virginia.edu,firstnament61,lastnament61,student61
student62@virginia.edu,firstnament62,lastnament62,student62
student63@virginia.edu,firstnament63,lastnament63,student63
student64@virginia.edu,firstnament64,lastnament64,student64
student65@virginia.edu,firstnament65,lastnament65,student65
student66@virginia.edu,firstnament66,lastnament66,student66
student67@virginia.edu,firstnament67,lastnament67,student67
student68@virginia.edu,firstnament68,lastnament68,student68
student69@virginia.edu,firstnament69,lastnament69,student69
student70@virginia.edu,firstnament70,lastnament70,student70
student71@virginia.edu,firstnament71,lastnament71,student71
student72@virginia.edu,firstnament72,lastnament72,student72
student73@virginia.edu,firstnament73,lastnament73,student73
student74@virginia.edu,firstnament74,lastnament74,student74
student75@virginia.edu,firstnament75,lastnament75,student75
student76@virginia.edu,firstnament76,lastnament76,student76
student77@virginia.edu,firstnament77,lastnament77,student77
student78@virginia.edu,firstnament78,lastnament78,student78
student79@virginia.edu,firstnament79,lastnament79,student79
student80@virginia.edu,firstnament80,lastnament80,student80
student81@virginia.edu,firstnament81,lastnament81,student81
student82@virginia.edu,firstnament82,lastnament82,student82
student83@virginia.edu,firstnament83,lastnament83,student83
student84@virginia.edu,firstnament84,lastnament84,student84
student85@virginia.edu,firstnament85,lastnament85,student85
student86@virginia.edu,firstnament86,lastnament86,student86
student87@virginia.edu,firstnament87,lastnament87,student87
student88@virginia.edu,firstnament88,lastnament88,student88
student89@virginia.edu,firstnament89,lastnament89,student89
student90@virginia.edu,firstnament90,lastnament90,student90
student91@virginia.edu,firstnament91,lastnament91,student91
student92@virginia.edu,firstnament92,lastnament92,student92
student93@virginia.edu,firstnament93,lastnament93,student93
student94@virginia.edu,firstnament94,lastnament94,student94
student95@virginia.edu,firstnament95,lastnament95,student95
student96@virginia.edu,firstnament96,lastnament96,student96
student97@virginia.edu,firstnament97,lastnament97,student97
student98@virginia.edu,firstnament98,lastnament98,student98
student99@virginia.edu,firstnament99,lastnament99,student99
student100@virginia.edu,firstnamet100,lastnamet100,student100
student101@virginia.edu,firstnamet101,lastnamet101,student101
student102@virginia.edu,firstnamet102,lastnamet102,student102
student103@virginia.edu,firstnamet103,lastnamet103,student103
student104@virginia.edu,firstnamet104,lastnamet104,student104
student105@virginia.edu,firstnamet105,lastnamet105,student105
student106@virginia.edu,firstnamet106,lastnamet106,student106
student107@virginia.edu,firstnamet107,lastnamet107,student107
student108@virginia.edu,firstnamet108,lastnamet108,student108
student109@virginia.edu,firstnamet109,lastnamet109,student109
student110@virginia.edu,firstnamet110,lastnamet110,student110
student111@virginia.edu,firstnamet111,lastnamet111,student111
student112@virginia.edu,firstnamet112,lastnamet112,student112
student113@virginia.edu,firstnamet113,lastnamet113,student113
student114@virginia.edu,firstnamet114,lastnamet114,student114
student115@virginia.edu,firstnamet115,lastnamet115,student115
student116@virginia.edu,firstnamet116,lastnamet116,student116
student117@virginia.edu,firstnamet117,lastnamet117,student117
student118@virginia.edu,firstnamet118,lastnamet118,student118
student119@virginia.edu,firstnamet119,lastnamet119,student119
student120@virginia.edu,firstnamet120,lastnamet120,student120
student121@virginia.edu,firstnamet121,lastnamet121,student121
student122@virginia.edu,firstnamet122,lastnamet122,student122
student123@virginia.edu,firstnamet123,lastnamet123,student123
student124@virginia.edu,firstnamet124,lastnamet124,student124
student125@virginia.edu,firstnamet125,lastnamet125,student125
student126@virginia.edu,firstnamet126,lastnamet126,student126
student127@virginia.edu,firstnamet127,lastnamet127,student127
student128@virginia.edu,firstnamet128,lastnamet128,student128
student129@virginia.edu,firstnamet129,lastnamet129,student129
student130@virginia.edu,firstnamet130,lastnamet130,student130
student131@virginia.edu,firstnamet131,lastnamet131,student131
student132@virginia.edu,firstnamet132,lastnamet132,student132
student133@virginia.edu,firstnamet133,lastnamet133,student133
student134@virginia.edu,firstnamet134,lastnamet134,student134
student135@virginia.edu,firstnamet135,lastnamet135,student135
student136@virginia.edu,firstnamet136,lastnamet136,student136
student137@virginia.edu,firstnamet137,lastnamet137,student137
student138@virginia.edu,firstnamet138,lastnamet138,student138
student139@virginia.edu,firstnamet139,lastnamet139,student139
student140@virginia.edu,firstnamet140,lastnamet140,student140
student141@virginia.edu,firstnamet141,lastnamet141,student141
student142@virginia.edu,firstnamet142,lastnamet142,student142
student143@virginia.edu,firstnamet143,lastnamet143,student143
student144@virginia.edu,firstnamet144,lastnamet144,student144
student145@virginia.edu,firstnamet145,lastnamet145,student145
student146@virginia.edu,firstnamet146,lastnamet146,student146
student147@virginia.edu,firstnamet147,lastnamet147,student147
student148@virginia.edu,firstnamet148,lastnamet148,student148
student149@virginia.edu,firstnamet149,lastnamet149,student149
student150@virginia.edu,firstnamet150,lastnamet150,student150
student151@virginia.edu,firstnamet151,lastnamet151,student151
student152@virginia.edu,firstnamet152,lastnamet152,student152
student153@virginia.edu,firstnamet153,lastnamet153,student153
student154@virginia.edu,firstnamet154,lastnamet154,student154
student155@virginia.edu,firstnamet155,lastnamet155,student155
student156@virginia.edu,firstnamet156,lastnamet156,student156
student157@virginia.edu,firstnamet157,lastnamet157,student157
student158@virginia.edu,firstnamet158,lastnamet158,student158
student159@virginia.edu,firstnamet159,lastnamet159,student159
student160@virginia.edu,firstnamet160,lastnamet160,student160
student161@virginia.edu,firstnamet161,lastnamet161,student161
student162@virginia.edu,firstnamet162,lastnamet162,student162
student163@virginia.edu,firstnamet163,lastnamet163,student163
student164@virginia.edu,firstnamet164,lastnamet164,student164
student165@virginia.edu,firstnamet165,lastnamet165,student165
student166@virginia.edu,firstnamet166,lastnamet166,student166
student167@virginia.edu,firstnamet167,lastnamet167,student167
student168@virginia.edu,firstnamet168,lastnamet168,student168
student169@virginia.edu,firstnamet169,lastnamet169,student169
student170@virginia.edu,firstnamet170,lastnamet170,student170
student171@virginia.edu,firstnamet171,lastnamet171,student171
student172@virginia.edu,firstnamet172,lastnamet172,student172
student173@virginia.edu,firstnamet173,lastnamet173,student173
student174@virginia.edu,firstnamet174,lastnamet174,student174
student175@virginia.edu,firstnamet175,lastnamet175,student175
student176@virginia.edu,firstnamet176,lastnamet176,student176
student177@virginia.edu,firstnamet177,lastnamet177,student177
student178@virginia.edu,firstnamet178,lastnamet178,student178
student179@virginia.edu,firstnamet179,lastnamet179,student179
student180@virginia.edu,firstnamet180,lastnamet180,student180
student181@virginia.edu,firstnamet181,lastnamet181,student181
student182@virginia.edu,firstnamet182,lastnamet182,student182
student183@virginia.edu,firstnamet183,lastnamet183,student183
student184@virginia.edu,firstnamet184,lastnamet184,student184
student185@virginia.edu,firstnamet185,lastnamet185,student185
student186@virginia.edu,firstnamet186,lastnamet186,student186
student187@virginia.edu,firstnamet187,lastnamet187,student187
student188@virginia.edu,firstnamet188,lastnamet188,student188
student189@virginia.edu,firstnamet189,lastnamet189,student189
student190@virginia.edu,firstnamet190,lastnamet190,student190
student191@virginia.edu,firstnamet191,lastnamet191,student191
student192@virginia.edu,firstnamet192,lastnamet192,student192
student193@virginia.edu,firstnamet193,lastnamet193,student193
student194@virginia.edu,firstnamet194,lastnamet194,student194
student195@virginia.edu,firstnamet195,lastnamet195,student195
student196@virginia.edu,firstnamet196,lastnamet196,student196
student197@virginia.edu,firstnamet197,lastnamet197,student197
student198@virginia.edu,firstnamet198,lastnamet198,student198
student199@virginia.edu,firstnamet199,lastnamet199,student199
student200@virginia.edu,firstnamet200,lastnamet200,student200
student201@virginia.edu,firstnamet201,lastnamet201,student201
student202@virginia.edu,firstnamet202,lastnamet202,student202
student203@virginia.edu,firstnamet203,lastnamet203,student203
student204@virginia.edu,firstnamet204,lastnamet204,student204
student205@virginia.edu,firstnamet205,lastnamet205,student205
student206@virginia.edu,firstnamet206,lastnamet206,student206
student207@virginia.edu,firstnamet207,lastnamet207,student207
student208@virginia.edu,firstnamet208,lastnamet208,student208
student209@virginia.edu,firstnamet209,lastnamet209,student209
student210@virginia.edu,firstnamet210,lastnamet210,student210
student211@virginia.edu,firstnamet211,lastnamet211,student211
student212@virginia.edu,firstnamet212,lastnamet212,student212
student213@virginia.edu,firstnamet213,lastnamet213,student213
student214@virginia.edu,firstnamet214,lastnamet214,student214
student215@virginia.edu,firstnamet215,lastnamet215,student215
student216@virginia.edu,firstnamet216,lastnamet216,student216
student217@virginia.edu,firstnamet217,lastnamet217,student217
student218@virginia.edu,firstnamet218,lastnamet218,student218
student219@virginia.edu,firstnamet219,lastnamet219,student219
student220@virginia.edu,firstnamet220,lastnamet220,student220
student221@virginia.edu,firstnamet221,lastnamet221,student221
student222@virginia.edu,firstnamet222,lastnamet222,student222
student223@virginia.edu,firstnamet223,lastnamet223,student223
student224@virginia.edu,firstnamet224,lastnamet224,student224
student225@virginia.edu,firstnamet225,lastnamet225,student225
student226@virginia.edu,firstnamet226,lastnamet226,student226
student227@virginia.edu,firstnamet227,lastnamet227,student227
student228@virginia.edu,firstnamet228,lastnamet228,student228
student229@virginia.edu,firstnamet229,lastnamet229,student229
student230@virginia.edu,firstnamet230,lastnamet230,student230
student231@virginia.edu,firstnamet231,lastnamet231,student231
student232@virginia.edu,firstnamet232,lastnamet232,student232
student233@virginia.edu,firstnamet233,lastnamet233,student233
student234@virginia.edu,firstnamet234,lastnamet234,student234
student235@virginia.edu,firstnamet235,lastnamet235,student235
student236@virginia.edu,firstnamet236,lastnamet236,student236
student237@virginia.edu,firstnamet237,lastnamet237,student237
student238@virginia.edu,firstnamet238,lastnamet238,student238
student239@virginia.edu,firstnamet239,lastnamet239,student239
student240@virginia.edu,firstnamet240,lastnamet240,student240
student241@virginia.edu,firstnamet241,lastnamet241,student241
student242@virginia.edu,firstnamet242,lastnamet242,student242
student243@virginia.edu,firstnamet243,lastnamet243,student243
student244@virginia.edu,firstnamet244,lastnamet244,student244
student245@virginia.edu,firstnamet245,lastnamet245,student245
student246@virginia.edu,firstnamet246,lastnamet246,student246
student247@virginia.edu,firstnamet247,lastnamet247,student247
student248@virginia.edu,firstnamet248,lastnamet248,student248
student249@virginia.edu,firstnamet249,lastnamet249,student249
student250@virginia.edu,firstnamet250,lastnamet250,student250
student251@virginia.edu,firstnamet251,lastnamet251,student251
student252@virginia.edu,firstnamet252,lastnamet252,student252
student253@virginia.edu,firstnamet253,lastnamet253,student253
student254@virginia.edu,firstnamet254,lastnamet254,student254
student255@virginia.edu,firstnamet255,lastnamet255,student255
student256@virginia.edu,firstnamet256,lastnamet256,student256
student257@virginia.edu,firstnamet257,lastnamet257,student257
student258@virginia.edu,firstnamet258,lastnamet258,student258
student259@virginia.edu,firstnamet259,lastnamet259,student259
student260@virginia.edu,firstnamet260,lastnamet260,student260
student261@virginia.edu,firstnamet261,lastnamet261,student261
student262@virginia.edu,firstnamet262,lastnamet262,student262
student263@virginia.edu,firstnamet263,lastnamet263,student263
student264@virginia.edu,firstnamet264,lastnamet264,student264
student265@virginia.edu,firstnamet265,lastnamet265,student265
student266@virginia.edu,firstnamet266,lastnamet266,student266
student267@virginia.edu,firstnamet267,lastnamet267,student267
student268@virginia.edu,firstnamet268,lastnamet268,student268
student269@virginia.edu,firstnamet269,lastnamet269,student269
student270@virginia.edu,firstnamet270,lastnamet270,student270
student271@virginia.edu,firstnamet271,lastnamet271,student271
student272@virginia.edu,firstnamet272,lastnamet272,student272
student273@virginia.edu,firstnamet273,lastnamet273,student273
student274@virginia.edu,firstnamet274,lastnamet274,student274
student275@virginia.edu,firstnamet275,lastnamet275,student275
student276@virginia.edu,firstnamet276,lastnamet276,student276
student277@virginia.edu,firstnamet277,lastnamet277,student277
student278@virginia.edu,firstnamet278,lastnamet278,student278
student279@virginia.edu,firstnamet279,lastnamet279,student279
student280@virginia.edu,firstnamet280,lastnamet280,student280
student281@virginia.edu,firstnamet281,lastnamet281,student281
student282@virginia.edu,firstnamet282,lastnamet282,student282
student283@virginia.edu,firstnamet283,lastnamet283,student283
student284@virginia.edu,firstnamet284,lastnamet284,student284
student285@virginia.edu,firstnamet285,lastnamet285,student285
student286@virginia.edu,firstnamet286,lastnamet286,student286
student287@virginia.edu,firstnamet287,lastnamet287,student287
student288@virginia.edu,firstnamet288,lastnamet288,student288
student289@virginia.edu,firstnamet289,lastnamet289,student289
student290@virginia.edu,firstnamet290,lastnamet290,student290
student291@virginia.edu,firstnamet291,lastnamet291,student291
student292@virginia.edu,firstnamet292,lastnamet292,student292
student293@virginia.edu,firstnamet293,lastnamet293,student293
student294@virginia.edu,firstnamet294,lastnamet294,student294
student295@virginia.edu,firstnamet295,lastnamet295,student295
student296@virginia.edu,firstnamet296,lastnamet296,student296
student297@virginia.edu,firstnamet297,lastnamet297,student297
student298@virginia.edu,firstnamet298,lastnamet298,student298
student299@virginia.edu,firstnamet299,lastnamet299,student299
student300@virginia.edu,firstnamet300,lastnamet300,student300
student301@virginia.edu,firstnamet301,lastnamet301,student301
student302@virginia.edu,firstnamet302,lastnamet302,student302
student303@virginia.edu,firstnamet303,lastnamet303,student303
student304@virginia.edu,firstnamet304,lastnamet304,student304
student305@virginia.edu,firstnamet305,lastnamet305,student305
student306@virginia.edu,firstnamet306,lastnamet306,student306
student307@virginia.edu,firstnamet307,lastnamet307,student307
student308@virginia.edu,firstnamet308,lastnamet308,student308
student309@virginia.edu,firstnamet309,lastnamet309,student309
student310@virginia.edu,firstnamet310,lastnamet310,student310
student311@virginia.edu,firstnamet311,lastnamet311,student311
student312@virginia.edu,firstnamet312,lastnamet312,student312
student313@virginia.edu,firstnamet313,lastnamet313,student313
student314@virginia.edu,firstnamet314,lastnamet314,student314
student315@virginia.edu,firstnamet315,lastnamet315,student315
student316@virginia.edu,firstnamet316,lastnamet316,student316
student317@virginia.edu,firstnamet317,lastnamet317,student317
student318@virginia.edu,firstnamet318,lastnamet318,student318
student319@virginia.edu,firstnamet319,lastnamet319,student319
student320@virginia.edu,firstnamet320,lastnamet320,student320
student321@virginia.edu,firstnamet321,lastnamet321,student321
student322@virginia.edu,firstnamet322,lastnamet322,student322
student323@virginia.edu,firstnamet323,lastnamet323,student323
student324@virginia.edu,firstnamet324,lastnamet324,student324
student325@virginia.edu,firstnamet325,lastnamet325,student325
student326@virginia.edu,firstnamet326,lastnamet326,student326
student327@virginia.edu,firstnamet327,lastnamet327,student327
student328@virginia.edu,firstnamet328,lastnamet328,student328
student329@virginia.edu,firstnamet329,lastnamet329,student329
student330@virginia.edu,firstnamet330,lastnamet330,student330
student331@virginia.edu,firstnamet331,lastnamet331,student331
student332@virginia.edu,firstnamet332,lastnamet332,student332
student333@virginia.edu,firstnamet333,lastnamet333,student333
student334@virginia.edu,firstnamet334,lastnamet334,student334
student335@virginia.edu,firstnamet335,lastnamet335,student335
student336@virginia.edu,firstnamet336,lastnamet336,student336
student337@virginia.edu,firstnamet337,lastnamet337,student337
student338@virginia.edu,firstnamet338,lastnamet338,student338
student339@virginia.edu,firstnamet339,lastnamet339,student339
student340@virginia.edu,firstnamet340,lastnamet340,student340
student341@virginia.edu,firstnamet341,lastnamet341,student341
student342@virginia.edu,firstnamet342,lastnamet342,student342
student343@virginia.edu,firstnamet343,lastnamet343,student343
student344@virginia.edu,firstnamet344,lastnamet344,student344
student345@virginia.edu,firstnamet345,lastnamet345,student345
student346@virginia.edu,firstnamet346,lastnamet346,student346
student347@virginia.edu,firstnamet347,lastnamet347,student347
student348@virginia.edu,firstnamet348,lastnamet348,student348
student349@virginia.edu,firstnamet349,lastnamet349,student349
student350@virginia.edu,firstnamet350,lastnamet350,student350
student351@virginia.edu,firstnamet351,lastnamet351,student351
student352@virginia.edu,firstnamet352,lastnamet352,student352
student353@virginia.edu,firstnamet353,lastnamet353,student353
student354@virginia.edu,firstnamet354,lastnamet354,student354
student355@virginia.edu,firstnamet355,lastnamet355,student355
student356@virginia.edu,firstnamet356,lastnamet356,student356
student357@virginia.edu,firstnamet357,lastnamet357,student357
student358@virginia.edu,firstnamet358,lastnamet358,student358
student359@virginia.edu,firstnamet359,lastnamet359,student359
student360@virginia.edu,firstnamet360,lastnamet360,student360
student361@virginia.edu,firstnamet361,lastnamet361,student361
student362@virginia.edu,firstnamet362,lastnamet362,student362
student363@virginia.edu,firstnamet363,lastnamet363,student363
student364@virginia.edu,firstnamet364,lastnamet364,student364
student365@virginia.edu,firstnamet365,lastnamet365,student365
student366@virginia.edu,firstnamet366,lastnamet366,student366
student367@virginia.edu,firstnamet367,lastnamet367,student367
student368@virginia.edu,firstnamet368,lastnamet368,student368
student369@virginia.edu,firstnamet369,lastnamet369,student369
student370@virginia.edu,firstnamet370,lastnamet370,student370
student371@virginia.edu,firstnamet371,lastnamet371,student371
student372@virginia.edu,firstnamet372,lastnamet372,student372
student373@virginia.edu,firstnamet373,lastnamet373,student373
student374@virginia.edu,firstnamet374,lastnamet374,student374
student375@virginia.edu,firstnamet375,lastnamet375,student375
student376@virginia.edu,firstnamet376,lastnamet376,student376
student377@virginia.edu,firstnamet377,lastnamet377,student377
student378@virginia.edu,firstnamet378,lastnamet378,student378
student379@virginia.edu,firstnamet379,lastnamet379,student379
student380@virginia.edu,firstnamet380,lastnamet380,student380
student381@virginia.edu,firstnamet381,lastnamet381,student381
student382@virginia.edu,firstnamet382,lastnamet382,student382
student383@virginia.edu,firstnamet383,lastnamet383,student383
student384@virginia.edu,firstnamet384,lastnamet384,student384
student385@virginia.edu,firstnamet385,lastnamet385,student385
student386@virginia.edu,firstnamet386,lastnamet386,student386
student387@virginia.edu,firstnamet387,lastnamet387,student387
student388@virginia.edu,firstnamet388,lastnamet388,student388
student389@virginia.edu,firstnamet389,lastnamet389,student389
student390@virginia.edu,firstnamet390,lastnamet390,student390
student391@virginia.edu,firstnamet391,lastnamet391,student391
student392@virginia.edu,firstnamet392,lastnamet392,student392
student393@virginia.edu,firstnamet393,lastnamet393,student393
student394@virginia.edu,firstnamet394,lastnamet394,student394
student395@virginia.edu,firstnamet395,lastnamet395,student395
student396@virginia.edu,firstnamet396,lastnamet396,student396
student397@virginia.edu,firstnamet397,lastnamet397,student397
student398@virginia.edu,firstnamet398,lastnamet398,student398
student399@virginia.edu,firstnamet399,lastnamet399,student399
student400@virginia.edu,firstnamet400,lastnamet400,student400
student401@virginia.edu,firstnamet401,lastnamet401,student401
student402@virginia.edu,firstnamet402,lastnamet402,student402
student403@virginia.edu,firstnamet403,lastnamet403,student403
student404@virginia.edu,firstnamet404,lastnamet404,student404
student405@virginia.edu,firstnamet405,lastnamet405,student405
student406@virginia.edu,firstnamet406,lastnamet406,student406
student407@virginia.edu,firstnamet407,lastnamet407,student407
student408@virginia.edu,firstnamet408,lastnamet408,student408
student409@virginia.edu,firstnamet409,lastnamet409,student409
student410@virginia.edu,firstnamet410,lastnamet410,student410
student411@virginia.edu,firstnamet411,lastnamet411,student411
student412@virginia.edu,firstnamet412,lastnamet412,student412
student413@virginia.edu,firstnamet413,lastnamet413,student413
student414@virginia.edu,firstnamet414,lastnamet414,student414
student415@virginia.edu,firstnamet415,lastnamet415,student415
student416@virginia.edu,firstnamet416,lastnamet416,student416
student417@virginia.edu,firstnamet417,lastnamet417,student417
student418@virginia.edu,firstnamet418,lastnamet418,student418
student419@virginia.edu,firstnamet419,lastnamet419,student419
student420@virginia.edu,firstnamet420,lastnamet420,student420
student421@virginia.edu,firstnamet421,lastnamet421,student421
student422@virginia.edu,firstnamet422,lastnamet422,student422
student423@virginia.edu,firstnamet423,lastnamet423,student423
student424@virginia.edu,firstnamet424,lastnamet424,student424
student425@virginia.edu,firstnamet425,lastnamet425,student425
student426@virginia.edu,firstnamet426,lastnamet426,student426
student427@virginia.edu,firstnamet427,lastnamet427,student427
student428@virginia.edu,firstnamet428,lastnamet428,student428
student429@virginia.edu,firstnamet429,lastnamet429,student429
student430@virginia.edu,firstnamet430,lastnamet430,student430
student431@virginia.edu,firstnamet431,lastnamet431,student431
student432@virginia.edu,firstnamet432,lastnamet432,student432
student433@virginia.edu,firstnamet433,lastnamet433,student433
student434@virginia.edu,firstnamet434,lastnamet434,student434
student435@virginia.edu,firstnamet435,lastnamet435,student435
student436@virginia.edu,firstnamet436,lastnamet436,student436
student437@virginia.edu,firstnamet437,lastnamet437,student437
student438@virginia.edu,firstnamet438,lastnamet438,student438
student439@virginia.edu,firstnamet439,lastnamet439,student439
student440@virginia.edu,firstnamet440,lastnamet440,student440
student441@virginia.edu,firstnamet441,lastnamet441,student441
student442@virginia.edu,firstnamet442,lastnamet442,student442
student443@virginia.edu,firstnamet443,lastnamet443,student443
student444@virginia.edu,firstnamet444,lastnamet444,student444
student445@virginia.edu,firstnamet445,lastnamet445,student445
student446@virginia.edu,firstnamet446,lastnamet446,student446
student447@virginia.edu,firstnamet447,lastnamet447,student447
student448@virginia.edu,firstnamet448,lastnamet448,student448
student449@virginia.edu,firstnamet449,lastnamet449,student449
student450@virginia.edu,firstnamet450,lastnamet450,student450
student451@virginia.edu,firstnamet451,lastnamet451,student451
student452@virginia.edu,firstnamet452,lastnamet452,student452
student453@virginia.edu,firstnamet453,lastnamet453,student453
student454@virginia.edu,firstnamet454,lastnamet454,student454
student455@virginia.edu,firstnamet455,lastnamet455,student455
student456@virginia.edu,firstnamet456,lastnamet456,student456
student457@virginia.edu,firstnamet457,lastnamet457,student457
student458@virginia.edu,firstnamet458,lastnamet458,student458
student459@virginia.edu,firstnamet459,lastnamet459,student459
student460@virginia.edu,firstnamet460,lastnamet460,student460
student461@virginia.edu,firstnamet461,lastnamet461,student461
student462@virginia.edu,firstnamet462,lastnamet462,student462
student463@virginia.edu,firstnamet463,lastnamet463,student463
student464@virginia.edu,firstnamet464,lastnamet464,student464
student465@virginia.edu,firstnamet465,lastnamet465,student465
student466@virginia.edu,firstnamet466,lastnamet466,student466
student467@virginia.edu,firstnamet467,lastnamet467,student467
student468@virginia.edu,firstnamet468,lastnamet468,student468
student469@virginia.edu,firstnamet469,lastnamet469,student469
student470@virginia.edu,firstnamet470,lastnamet470,student470
student471@virginia.edu,firstnamet471,lastnamet471,student471
student472@virginia.edu,firstnamet472,lastnamet472,student472
student473@virginia.edu,firstnamet473,lastnamet473,student473
student474@virginia.edu,firstnamet474,lastnamet474,student474
student475@virginia.edu,firstnamet475,lastnamet475,student475
student476@virginia.edu,firstnamet476,lastnamet476,student476
student477@virginia.edu,firstnamet477,lastnamet477,student477
student478@virginia.edu,firstnamet478,lastnamet478,student478
student479@virginia.edu,firstnamet479,lastnamet479,student479
student480@virginia.edu,firstnamet480,lastnamet480,student480
student481@virginia.edu,firstnamet481,lastnamet481,student481
student482@virginia.edu,firstnamet482,lastnamet482,student482
student483@virginia.edu,firstnamet483,lastnamet483,student483
student484@virginia.edu,firstnamet484,lastnamet484,student484
student485@virginia.edu,firstnamet485,lastnamet485,student485
student486@virginia.edu,firstnamet486,lastnamet486,student486
student487@virginia.edu,firstnamet487,lastnamet487,student487
student488@virginia.edu,firstnamet488,lastnamet488,student488
student489@virginia.edu,firstnamet489,lastnamet489,student489
student490@virginia.edu,firstnamet490,lastnamet490,student490
student491@virginia.edu,firstnamet491,lastnamet491,student491
student492@virginia.edu,firstnamet492,lastnamet492,student492
student493@virginia.edu,firstnamet493,lastnamet493,student493
student494@virginia.edu,firstnamet494,lastnamet494,student494
student495@virginia.edu,firstnamet495,lastnamet495,student495
student496@virginia.edu,firstnamet496,lastnamet496,student496
student497@virginia.edu,firstnamet497,lastnamet497,student497
student498@virginia.edu,firstnamet498,lastnamet498,student498
student499@virginia.edu,firstnamet499,lastnamet499,student499
student500@virginia.edu,firstnamet500,lastnamet500,student500
student501@virginia.edu,firstnamet501,lastnamet501,student501
student502@virginia.edu,firstnamet502,lastnamet502,student502
student503@virginia.edu,firstnamet503,lastnamet503,student503
student504@virginia.edu,firstnamet504,lastnamet504,student504
student505@virginia.edu,firstnamet505,lastnamet505,student505
student506@virginia.edu,firstnamet506,lastnamet506,student506
student507@virginia.edu,firstnamet507,lastnamet507,student507
student508@virginia.edu,firstnamet508,lastnamet508,student508
student509@virginia.edu,firstnamet509,lastnamet509,student509
student510@virginia.edu,firstnamet510,lastnamet510,student510
student511@virginia.edu,firstnamet511,lastnamet511,student511
student512@virginia.edu,firstnamet512,lastnamet512,student512
student513@virginia.edu,firstnamet513,lastnamet513,student513
student514@virginia.edu,firstnamet514,lastnamet514,student514
student515@virginia.edu,firstnamet515,lastnamet515,student515
student516@virginia.edu,firstnamet516,lastnamet516,student516
student517@virginia.edu,firstnamet517,lastnamet517,student517
student518@virginia.edu,firstnamet518,lastnamet518,student518
student519@virginia.edu,firstnamet519,lastnamet519,student519
student520@virginia.edu,firstnamet520,lastnamet520,student520
student521@virginia.edu,firstnamet521,lastnamet521,student521
student522@virginia.edu,firstnamet522,lastnamet522,student522
student523@virginia.edu,firstnamet523,lastnamet523,student523
student524@virginia.edu,firstnamet524,lastnamet524,student524
student525@virginia.edu,firstnamet525,lastnamet525,student525
student526@virginia.edu,firstnamet526,lastnamet526,student526
student527@virginia.edu,firstnamet527,lastnamet527,student527
student528@virginia.edu,firstnamet528,lastnamet528,student528
student529@virginia.edu,firstnamet529,lastnamet529,student529
student530@virginia.edu,firstnamet530,lastnamet530,student530
student531@virginia.edu,firstnamet531,lastnamet531,student531
student532@virginia.edu,firstnamet532,lastnamet532,student532
student533@virginia.edu,firstnamet533,lastnamet533,student533
student534@virginia.edu,firstnamet534,lastnamet534,student534
student535@virginia.edu,firstnamet535,lastnamet535,student535
student536@virginia.edu,firstnamet536,lastnamet536,student536
student537@virginia.edu,firstnamet537,lastnamet537,student537
student538@virginia.edu,firstnamet538,lastnamet538,student538
student539@virginia.edu,firstnamet539,lastnamet539,student539
student540@virginia.edu,firstnamet540,lastnamet540,student540
student541@virginia.edu,firstnamet541,lastnamet541,student541
student542@virginia.edu,firstnamet542,lastnamet542,student542
student543@virginia.edu,firstnamet543,lastnamet543,student543
student544@virginia.edu,firstnamet544,lastnamet544,student544
student545@virginia.edu,firstnamet545,lastnamet545,student545
student546@virginia.edu,firstnamet546,lastnamet546,student546
student547@virginia.edu,firstnamet547,lastnamet547,student547
student548@virginia.edu,firstnamet548,lastnamet548,student548
student549@virginia.edu,firstnamet549,lastnamet549,student549
student550@virginia.edu,firstnamet550,lastnamet550,student550
student551@virginia.edu,firstnamet551,lastnamet551,student551
student552@virginia.edu,firstnamet552,lastnamet552,student552
student553@virginia.edu,firstnamet553,lastnamet553,student553
student554@virginia.edu,firstnamet554,lastnamet554,student554
student555@virginia.edu,firstnamet555,lastnamet555,student555
student556@virginia.edu,firstnamet556,lastnamet556,student556
student557@virginia.edu,firstnamet557,lastnamet557,student557
student558@virginia.edu,firstnamet558,lastnamet558,student558
student559@virginia.edu,firstnamet559,lastnamet559,student559
student560@virginia.edu,firstnamet560,lastnamet560,student560
student561@virginia.edu,firstnamet561,lastnamet561,student561
student562@virginia.edu,firstnamet562,lastnamet562,student562
student563@virginia.edu,firstnamet563,lastnamet563,student563
student564@virginia.edu,firstnamet564,lastnamet564,student564
student565@virginia.edu,firstnamet565,lastnamet565,student565
student566@virginia.edu,firstnamet566,lastnamet566,student566
student567@virginia.edu,firstnamet567,lastnamet567,student567
student568@virginia.edu,firstnamet568,lastnamet568,student568
student569@virginia.edu,firstnamet569,lastnamet569,student569
student570@virginia.edu,firstnamet570,lastnamet570,student570
student571@virginia.edu,firstnamet571,lastnamet571,student571
student572@virginia.edu,firstnamet572,lastnamet572,student572
student573@virginia.edu,firstnamet573,lastnamet573,student573
student574@virginia.edu,firstnamet574,lastnamet574,student574
student575@virginia.edu,firstnamet575,lastnamet575,student575
student576@virginia.edu,firstnamet576,lastnamet576,student576
student577@virginia.edu,firstnamet577,lastnamet577,student577
student578@virginia.edu,firstnamet578,lastnamet578,student578
student579@virginia.edu,firstnamet579,lastnamet579,student579
student580@virginia.edu,firstnamet580,lastnamet580,student580
student581@virginia.edu,firstnamet581,lastnamet581,student581
student582@virginia.edu,firstnamet582,lastnamet582,student582
student583@virginia.edu,firstnamet583,lastnamet583,student583
student584@virginia.edu,firstnamet584,lastnamet584,student584
student585@virginia.edu,firstnamet585,lastnamet585,student585
student586@virginia.edu,firstnamet586,lastnamet586,student586
student587@virginia.edu,firstnamet587,lastnamet587,student587
student588@virginia.edu,firstnamet588,lastnamet588,student588
student589@virginia.edu,firstnamet589,lastnamet589,student589
student590@virginia.edu,firstnamet590,lastnamet590,student590
student591@virginia.edu,firstnamet591,lastnamet591,student591
student592@virginia.edu,firstnamet592,lastnamet592,student592
student593@virginia.edu,firstnamet593,lastnamet593,student593
student594@virginia.edu,firstnamet594,lastnamet594,student594
student595@virginia.edu,firstnamet595,lastnamet595,student595
student596@virginia.edu,firstnamet596,lastnamet596,student596
student597@virginia.edu,firstnamet597,lastnamet597,student597
student598@virginia.edu,firstnamet598,lastnamet598,student598
student599@virginia.edu,firstnamet599,lastnamet599,student599
student600@virginia.edu,firstnamet600,lastnamet600,student600
student601@virginia.edu,firstnamet601,lastnamet601,student601
student602@virginia.edu,firstnamet602,lastnamet602,student602
student603@virginia.edu,firstnamet603,lastnamet603,student603
student604@virginia.edu,firstnamet604,lastnamet604,student604
student605@virginia.edu,firstnamet605,lastnamet605,student605
student606@virginia.edu,firstnamet606,lastnamet606,student606
student607@virginia.edu,firstnamet607,lastnamet607,student607
student608@virginia.edu,firstnamet608,lastnamet608,student608
student609@virginia.edu,firstnamet609,lastnamet609,student609
student610@virginia.edu,firstnamet610,lastnamet610,student610
student611@virginia.edu,firstnamet611,lastnamet611,student611
student612@virginia.edu,firstnamet612,lastnamet612,student612
student613@virginia.edu,firstnamet613,lastnamet613,student613
student614@virginia.edu,firstnamet614,lastnamet614,student614
student615@virginia.edu,firstnamet615,lastnamet615,student615
student616@virginia.edu,firstnamet616,lastnamet616,student616
student617@virginia.edu,firstnamet617,lastnamet617,student617
student618@virginia.edu,firstnamet618,lastnamet618,student618
student619@virginia.edu,firstnamet619,lastnamet619,student619
student620@virginia.edu,firstnamet620,lastnamet620,student620
student621@virginia.edu,firstnamet621,lastnamet621,student621
student622@virginia.edu,firstnamet622,lastnamet622,student622
student623@virginia.edu,firstnamet623,lastnamet623,student623
student624@virginia.edu,firstnamet624,lastnamet624,student624
student625@virginia.edu,firstnamet625,lastnamet625,student625
student626@virginia.edu,firstnamet626,lastnamet626,student626
student627@virginia.edu,firstnamet627,lastnamet627,student627
student628@virginia.edu,firstnamet628,lastnamet628,student628
student629@virginia.edu,firstnamet629,lastnamet629,student629
student630@virginia.edu,firstnamet630,lastnamet630,student630
student631@virginia.edu,firstnamet631,lastnamet631,student631
student632@virginia.edu,firstnamet632,lastnamet632,student632
student633@virginia.edu,firstnamet633,lastnamet633,student633
student634@virginia.edu,firstnamet634,lastnamet634,student634
student635@virginia.edu,firstnamet635,lastnamet635,student635
student636@virginia.edu,firstnamet636,lastnamet636,student636
student637@virginia.edu,firstnamet637,lastnamet637,student637
student638@virginia.edu,firstnamet638,lastnamet638,student638
student639@virginia.edu,firstnamet639,lastnamet639,student639
student640@virginia.edu,firstnamet640,lastnamet640,student640
student641@virginia.edu,firstnamet641,lastnamet641,student641
student642@virginia.edu,firstnamet642,lastnamet642,student642
student643@virginia.edu,firstnamet643,lastnamet643,student643
student644@virginia.edu,firstnamet644,lastnamet644,student644
student645@virginia.edu,firstnamet645,lastnamet645,student645
student646@virginia.edu,firstnamet646,lastnamet646,student646
student647@virginia.edu,firstnamet647,lastnamet647,student647
student648@virginia.edu,firstnamet648,lastnamet648,student648
student649@virginia.edu,firstnamet649,lastnamet649,student649
student650@virginia.edu,firstnamet650,lastnamet650,student650
student651@virginia.edu,firstnamet651,lastnamet651,student651
student652@virginia.edu,firstnamet652,lastnamet652,student652
student653@virginia.edu,firstnamet653,lastnamet653,student653
student654@virginia.edu,firstnamet654,lastnamet654,student654
student655@virginia.edu,firstnamet655,lastnamet655,student655
student656@virginia.edu,firstnamet656,lastnamet656,student656
student657@virginia.edu,firstnamet657,lastnamet657,student657
student658@virginia.edu,firstnamet658,lastnamet658,student658
student659@virginia.edu,firstnamet659,lastnamet659,student659
student660@virginia.edu,firstnamet660,lastnamet660,student660
student661@virginia.edu,firstnamet661,lastnamet661,student661
student662@virginia.edu,firstnamet662,lastnamet662,student662
student663@virginia.edu,firstnamet663,lastnamet663,student663
student664@virginia.edu,firstnamet664,lastnamet664,student664
student665@virginia.edu,firstnamet665,lastnamet665,student665
student666@virginia.edu,firstnamet666,lastnamet666,student666
student667@virginia.edu,firstnamet667,lastnamet667,student667
student668@virginia.edu,firstnamet668,lastnamet668,student668
student669@virginia.edu,firstnamet669,lastnamet669,student669
student670@virginia.edu,firstnamet670,lastnamet670,student670
student671@virginia.edu,firstnamet671,lastnamet671,student671
student672@virginia.edu,firstnamet672,lastnamet672,student672
student673@virginia.edu,firstnamet673,lastnamet673,student673
student674@virginia.edu,firstnamet674,lastnamet674,student674
student675@virginia.edu,firstnamet675,lastnamet675,student675
student676@virginia.edu,firstnamet676,lastnamet676,student676
student677@virginia.edu,firstnamet677,lastnamet677,student677
student678@virginia.edu,firstnamet678,lastnamet678,student678
student679@virginia.edu,firstnamet679,lastnamet679,student679
student680@virginia.edu,firstnamet680,lastnamet680,student680
student681@virginia.edu,firstnamet681,lastnamet681,student681
student682@virginia.edu,firstnamet682,lastnamet682,student682
student683@virginia.edu,firstnamet683,lastnamet683,student683
student684@virginia.edu,firstnamet684,lastnamet684,student684
student685@virginia.edu,firstnamet685,lastnamet685,student685
student686@virginia.edu,firstnamet686,lastnamet686,student686
student687@virginia.edu,firstnamet687,lastnamet687,student687
student688@virginia.edu,firstnamet688,lastnamet688,student688
student689@virginia.edu,firstnamet689,lastnamet689,student689
student690@virginia.edu,firstnamet690,lastnamet690,student690
student691@virginia.edu,firstnamet691,lastnamet691,student691
student692@virginia.edu,firstnamet692,lastnamet692,student692
student693@virginia.edu,firstnamet693,lastnamet693,student693
student694@virginia.edu,firstnamet694,lastnamet694,student694
student695@virginia.edu,firstnamet695,lastnamet695,student695
student696@virginia.edu,firstnamet696,lastnamet696,student696
student697@virginia.edu,firstnamet697,lastnamet697,student697
student698@virginia.edu,firstnamet698,lastnamet698,student698
student699@virginia.edu,firstnamet699,lastnamet699,student699
student700@virginia.edu,firstnamet700,lastnamet700,student700
student701@virginia.edu,firstnamet701,lastnamet701,student701
student702@virginia.edu,firstnamet702,lastnamet702,student702
student703@virginia.edu,firstnamet703,lastnamet703,student703
student704@virginia.edu,firstnamet704,lastnamet704,student704
student705@virginia.edu,firstnamet705,lastnamet705,student705
student706@virginia.edu,firstnamet706,lastnamet706,student706
student707@virginia.edu,firstnamet707,lastnamet707,student707
student708@virginia.edu,firstnamet708,lastnamet708,student708
student709@virginia.edu,firstnamet709,lastnamet709,student709
student710@virginia.edu,firstnamet710,lastnamet710,student710
student711@virginia.edu,firstnamet711,lastnamet711,student711
student712@virginia.edu,firstnamet712,lastnamet712,student712
student713@virginia.edu,firstnamet713,lastnamet713,student713
student714@virginia.edu,firstnamet714,lastnamet714,student714
student715@virginia.edu,firstnamet715,lastnamet715,student715
student716@virginia.edu,firstnamet716,lastnamet716,student716
student717@virginia.edu,firstnamet717,lastnamet717,student717
student718@virginia.edu,firstnamet718,lastnamet718,student718
student719@virginia.edu,firstnamet719,lastnamet719,student719
student720@virginia.edu,firstnamet720,lastnamet720,student720
student721@virginia.edu,firstnamet721,lastnamet721,student721
student722@virginia.edu,firstnamet722,lastnamet722,student722
student723@virginia.edu,firstnamet723,lastnamet723,student723
student724@virginia.edu,firstnamet724,lastnamet724,student724
student725@virginia.edu,firstnamet725,lastnamet725,student725
student726@virginia.edu,firstnamet726,lastnamet726,student726
student727@virginia.edu,firstnamet727,lastnamet727,student727
student728@virginia.edu,firstnamet728,lastnamet728,student728
student729@virginia.edu,firstnamet729,lastnamet729,student729
student730@virginia.edu,firstnamet730,lastnamet730,student730
student731@virginia.edu,firstnamet731,lastnamet731,student731
student732@virginia.edu,firstnamet732,lastnamet732,student732
student733@virginia.edu,firstnamet733,lastnamet733,student733
student734@virginia.edu,firstnamet734,lastnamet734,student734
student735@virginia.edu,firstnamet735,lastnamet735,student735
student736@virginia.edu,firstnamet736,lastnamet736,student736
student737@virginia.edu,firstnamet737,lastnamet737,student737
student738@virginia.edu,firstnamet738,lastnamet738,student738
student739@virginia.edu,firstnamet739,lastnamet739,student739
student740@virginia.edu,firstnamet740,lastnamet740,student740
student741@virginia.edu,firstnamet741,lastnamet741,student741
student742@virginia.edu,firstnamet742,lastnamet742,student742
student743@virginia.edu,firstnamet743,lastnamet743,student743
student744@virginia.edu,firstnamet744,lastnamet744,student744
student745@virginia.edu,firstnamet745,lastnamet745,student745
student746@virginia.edu,firstnamet746,lastnamet746,student746
student747@virginia.edu,firstnamet747,lastnamet747,student747
student748@virginia.edu,firstnamet748,lastnamet748,student748
student749@virginia.edu,firstnamet749,lastnamet749,student749
student750@virginia.edu,firstnamet750,lastnamet750,student750
student751@virginia.edu,firstnamet751,lastnamet751,student751
student752@virginia.edu,firstnamet752,lastnamet752,student752
student753@virginia.edu,firstnamet753,lastnamet753,student753
student754@virginia.edu,firstnamet754,lastnamet754,student754
student755@virginia.edu,firstnamet755,lastnamet755,student755
student756@virginia.edu,firstnamet756,lastnamet756,student756
student757@virginia.edu,firstnamet757,lastnamet757,student757
student758@virginia.edu,firstnamet758,lastnamet758,student758
student759@virginia.edu,firstnamet759,lastnamet759,student759
student760@virginia.edu,firstnamet760,lastnamet760,student760
student761@virginia.edu,firstnamet761,lastnamet761,student761
student762@virginia.edu,firstnamet762,lastnamet762,student762
student763@virginia.edu,firstnamet763,lastnamet763,student763
student764@virginia.edu,firstnamet764,lastnamet764,student764
student765@virginia.edu,firstnamet765,lastnamet765,student765
student766@virginia.edu,firstnamet766,lastnamet766,student766
student767@virginia.edu,firstnamet767,lastnamet767,student767
student768@virginia.edu,firstnamet768,lastnamet768,student768
student769@virginia.edu,firstnamet769,lastnamet769,student769
student770@virginia.edu,firstnamet770,lastnamet770,student770
student771@virginia.edu,firstnamet771,lastnamet771,student771
student772@virginia.edu,firstnamet772,lastnamet772,student772
student773@virginia.edu,firstnamet773,lastnamet773,student773
student774@virginia.edu,firstnamet774,lastnamet774,student774
student775@virginia.edu,firstnamet775,lastnamet775,student775
student776@virginia.edu,firstnamet776,lastnamet776,student776
student777@virginia.edu,firstnamet777,lastnamet777,student777
student778@virginia.edu,firstnamet778,lastnamet778,student778
student779@virginia.edu,firstnamet779,lastnamet779,student779
student780@virginia.edu,firstnamet780,lastnamet780,student780
student781@virginia.edu,firstnamet781,lastnamet781,student781
student782@virginia.edu,firstnamet782,lastnamet782,student782
student783@virginia.edu,firstnamet783,lastnamet783,student783
student784@virginia.edu,firstnamet784,lastnamet784,student784
student785@virginia.edu,firstnamet785,lastnamet785,student785
student786@virginia.edu,firstnamet786,lastnamet786,student786
student787@virginia.edu,firstnamet787,lastnamet787,student787
student788@virginia.edu,firstnamet788,lastnamet788,student788
student789@virginia.edu,firstnamet789,lastnamet789,student789
student790@virginia.edu,firstnamet790,lastnamet790,student790
student791@virginia.edu,firstnamet791,lastnamet791,student791
student792@virginia.edu,firstnamet792,lastnamet792,student792
student793@virginia.edu,firstnamet793,lastnamet793,student793
student794@virginia.edu,firstnamet794,lastnamet794,student794
student795@virginia.edu,firstnamet795,lastnamet795,student795
student796@virginia.edu,firstnamet796,lastnamet796,student796
student797@virginia.edu,firstnamet797,lastnamet797,student797
student798@virginia.edu,firstnamet798,lastnamet798,student798
student799@virginia.edu,firstnamet799,lastnamet799,student799
student800@virginia.edu,firstnamet800,lastnamet800,student800
student801@virginia.edu,firstnamet801,lastnamet801,student801
student802@virginia.edu,firstnamet802,lastnamet802,student802
student803@virginia.edu,firstnamet803,lastnamet803,student803
student804@virginia.edu,firstnamet804,lastnamet804,student804
student805@virginia.edu,firstnamet805,lastnamet805,student805
student806@virginia.edu,firstnamet806,lastnamet806,student806
student807@virginia.edu,firstnamet807,lastnamet807,student807
student808@virginia.edu,firstnamet808,lastnamet808,student808
student809@virginia.edu,firstnamet809,lastnamet809,student809
student810@virginia.edu,firstnamet810,lastnamet810,student810
student811@virginia.edu,firstnamet811,lastnamet811,student811
student812@virginia.edu,firstnamet812,lastnamet812,student812
student813@virginia.edu,firstnamet813,lastnamet813,student813
student814@virginia.edu,firstnamet814,lastnamet814,student814
student815@virginia.edu,firstnamet815,lastnamet815,student815
student816@virginia.edu,firstnamet816,lastnamet816,student816
student817@virginia.edu,firstnamet817,lastnamet817,student817
student818@virginia.edu,firstnamet818,lastnamet818,student818
student819@virginia.edu,firstnamet819,lastnamet819,student819
student820@virginia.edu,firstnamet820,lastnamet820,student820
student821@virginia.edu,firstnamet821,lastnamet821,student821
student822@virginia.edu,firstnamet822,lastnamet822,student822
student823@virginia.edu,firstnamet823,lastnamet823,student823
student824@virginia.edu,firstnamet824,lastnamet824,student824
student825@virginia.edu,firstnamet825,lastnamet825,student825
student826@virginia.edu,firstnamet826,lastnamet826,student826
student827@virginia.edu,firstnamet827,lastnamet827,student827
student828@virginia.edu,firstnamet828,lastnamet828,student828
student829@virginia.edu,firstnamet829,lastnamet829,student829
student830@virginia.edu,firstnamet830,lastnamet830,student830
student831@virginia.edu,firstnamet831,lastnamet831,student831
student832@virginia.edu,firstnamet832,lastnamet832,student832
student833@virginia.edu,firstnamet833,lastnamet833,student833
student834@virginia.edu,firstnamet834,lastnamet834,student834
student835@virginia.edu,firstnamet835,lastnamet835,student835
student836@virginia.edu,firstnamet836,lastnamet836,student836
student837@virginia.edu,firstnamet837,lastnamet837,student837
student838@virginia.edu,firstnamet838,lastnamet838,student838
student839@virginia.edu,firstnamet839,lastnamet839,student839
student840@virginia.edu,firstnamet840,lastnamet840,student840
student841@virginia.edu,firstnamet841,lastnamet841,student841
student842@virginia.edu,firstnamet842,lastnamet842,student842
student843@virginia.edu,firstnamet843,lastnamet843,student843
student844@virginia.edu,firstnamet844,lastnamet844,student844
student845@virginia.edu,firstnamet845,lastnamet845,student845
student846@virginia.edu,firstnamet846,lastnamet846,student846
student847@virginia.edu,firstnamet847,lastnamet847,student847
student848@virginia.edu,firstnamet848,lastnamet848,student848
student849@virginia.edu,firstnamet849,lastnamet849,student849
student850@virginia.edu,firstnamet850,lastnamet850,student850
student851@virginia.edu,firstnamet851,lastnamet851,student851
student852@virginia.edu,firstnamet852,lastnamet852,student852
student853@virginia.edu,firstnamet853,lastnamet853,student853
student854@virginia.edu,firstnamet854,lastnamet854,student854
student855@virginia.edu,firstnamet855,lastnamet855,student855
student856@virginia.edu,firstnamet856,lastnamet856,student856
student857@virginia.edu,firstnamet857,lastnamet857,student857
student858@virginia.edu,firstnamet858,lastnamet858,student858
student859@virginia.edu,firstnamet859,lastnamet859,student859
student860@virginia.edu,firstnamet860,lastnamet860,student860
student861@virginia.edu,firstnamet861,lastnamet861,student861
student862@virginia.edu,firstnamet862,lastnamet862,student862
student863@virginia.edu,firstnamet863,lastnamet863,student863
student864@virginia.edu,firstnamet864,lastnamet864,student864
student865@virginia.edu,firstnamet865,lastnamet865,student865
student866@virginia.edu,firstnamet866,lastnamet866,student866
student867@virginia.edu,firstnamet867,lastnamet867,student867
student868@virginia.edu,firstnamet868,lastnamet868,student868
student869@virginia.edu,firstnamet869,lastnamet869,student869
student870@virginia.edu,firstnamet870,lastnamet870,student870
student871@virginia.edu,firstnamet871,lastnamet871,student871
student872@virginia.edu,firstnamet872,lastnamet872,student872
student873@virginia.edu,firstnamet873,lastnamet873,student873
student874@virginia.edu,firstnamet874,lastnamet874,student874
student875@virginia.edu,firstnamet875,lastnamet875,student875
student876@virginia.edu,firstnamet876,lastnamet876,student876
student877@virginia.edu,firstnamet877,lastnamet877,student877
student878@virginia.edu,firstnamet878,lastnamet878,student878
student879@virginia.edu,firstnamet879,lastnamet879,student879
student880@virginia.edu,firstnamet880,lastnamet880,student880
student881@virginia.edu,firstnamet881,lastnamet881,student881
student882@virginia.edu,firstnamet882,lastnamet882,student882
student883@virginia.edu,firstnamet883,lastnamet883,student883
student884@virginia.edu,firstnamet884,lastnamet884,student884
student885@virginia.edu,firstnamet885,lastnamet885,student885
student886@virginia.edu,firstnamet886,lastnamet886,student886
student887@virginia.edu,firstnamet887,lastnamet887,student887
student888@virginia.edu,firstnamet888,lastnamet888,student888
student889@virginia.edu,firstnamet889,lastnamet889,student889
student890@virginia.edu,firstnamet890,lastnamet890,student890
student891@virginia.edu,firstnamet891,lastnamet891,student891
student892@virginia.edu,firstnamet892,lastnamet892,student892
student893@virginia.edu,firstnamet893,lastnamet893,student893
student894@virginia.edu,firstnamet894,lastnamet894,student894
student895@virginia.edu,firstnamet895,lastnamet895,student895
student896@virginia.edu,firstnamet896,lastnamet896,student896
student897@virginia.edu,firstnamet897,lastnamet897,student897
student898@virginia.edu,firstnamet898,lastnamet898,student898
student899@virginia.edu,firstnamet899,lastnamet899,student899
student900@virginia.edu,firstnamet900,lastnamet900,student900
student901@virginia.edu,firstnamet901,lastnamet901,student901
student902@virginia.edu,firstnamet902,lastnamet902,student902
student903@virginia.edu,firstnamet903,lastnamet903,student903
student904@virginia.edu,firstnamet904,lastnamet904,student904
student905@virginia.edu,firstnamet905,lastnamet905,student905
student906@virginia.edu,firstnamet906,lastnamet906,student906
student907@virginia.edu,firstnamet907,lastnamet907,student907
student908@virginia.edu,firstnamet908,lastnamet908,student908
student909@virginia.edu,firstnamet909,lastnamet909,student909
student910@virginia.edu,firstnamet910,lastnamet910,student910
student911@virginia.edu,firstnamet911,lastnamet911,student911
student912@virginia.edu,firstnamet912,lastnamet912,student912
student913@virginia.edu,firstnamet913,lastnamet913,student913
student914@virginia.edu,firstnamet914,lastnamet914,student914
student915@virginia.edu,firstnamet915,lastnamet915,student915
student916@virginia.edu,firstnamet916,lastnamet916,student916
student917@virginia.edu,firstnamet917,lastnamet917,student917
student918@virginia.edu,firstnamet918,lastnamet918,student918
student919@virginia.edu,firstnamet919,lastnamet919,student919
student920@virginia.edu,firstnamet920,lastnamet920,student920
student921@virginia.edu,firstnamet921,lastnamet921,student921
student922@virginia.edu,firstnamet922,lastnamet922,student922
student923@virginia.edu,firstnamet923,lastnamet923,student923
student924@virginia.edu,firstnamet924,lastnamet924,student924
student925@virginia.edu,firstnamet925,lastnamet925,student925
student926@virginia.edu,firstnamet926,lastnamet926,student926
student927@virginia.edu,firstnamet927,lastnamet927,student927
student928@virginia.edu,firstnamet928,lastnamet928,student928
student929@virginia.edu,firstnamet929,lastnamet929,student929
student930@virginia.edu,firstnamet930,lastnamet930,student930
student931@virginia.edu,firstnamet931,lastnamet931,student931
student932@virginia.edu,firstnamet932,lastnamet932,student932
student933@virginia.edu,firstnamet933,lastnamet933,student933
student934@virginia.edu,firstnamet934,lastnamet934,student934
student935@virginia.edu,firstnamet935,lastnamet935,student935
student936@virginia.edu,firstnamet936,lastnamet936,student936
student937@virginia.edu,firstnamet937,lastnamet937,student937
student938@virginia.edu,firstnamet938,lastnamet938,student938
student939@virginia.edu,firstnamet939,lastnamet939,student939
student940@virginia.edu,firstnamet940,lastnamet940,student940
student941@virginia.edu,firstnamet941,lastnamet941,student941
student942@virginia.edu,firstnamet942,lastnamet942,student942
student943@virginia.edu,firstnamet943,lastnamet943,student943
student944@virginia.edu,firstnamet944,lastnamet944,student944
student945@virginia.edu,firstnamet945,lastnamet945,student945
student946@virginia.edu,firstnamet946,lastnamet946,student946
student947@virginia.edu,firstnamet947,lastnamet947,student947
student948@virginia.edu,firstnamet948,lastnamet948,student948
student949@virginia.edu,firstnamet949,lastnamet949,student949
student950@virginia.edu,firstnamet950,lastnamet950,student950
student951@virginia.edu,firstnamet951,lastnamet951,student951
student952@virginia.edu,firstnamet952,lastnamet952,student952
student953@virginia.edu,firstnamet953,lastnamet953,student953
student954@virginia.edu,firstnamet954,lastnamet954,student954
student955@virginia.edu,firstnamet955,lastnamet955,student955
student956@virginia.edu,firstnamet956,lastnamet956,student956
student957@virginia.edu,firstnamet957,lastnamet957,student957
student958@virginia.edu,firstnamet958,lastnamet958,student958
student959@virginia.edu,firstnamet959,lastnamet959,student959
student960@virginia.edu,firstnamet960,lastnamet960,student960
student961@virginia.edu,firstnamet961,lastnamet961,student961
student962@virginia.edu,firstnamet962,lastnamet962,student962
student963@virginia.edu,firstnamet963,lastnamet963,student963
student964@virginia.edu,firstnamet964,lastnamet964,student964
student965@virginia.edu,firstnamet965,lastnamet965,student965
student966@virginia.edu,firstnamet966,lastnamet966,student966
student967@virginia.edu,firstnamet967,lastnamet967,student967
student968@virginia.edu,firstnamet968,lastnamet968,student968
student969@virginia.edu,firstnamet969,lastnamet969,student969
student970@virginia.edu,firstnamet970,lastnamet970,student970
student971@virginia.edu,firstnamet971,lastnamet971,student971
student972@virginia.edu,firstnamet972,lastnamet972,student972
student973@virginia.edu,firstnamet973,lastnamet973,student973
student974@virginia.edu,firstnamet974,lastnamet974,student974
student975@virginia.edu,firstnamet975,lastnamet975,student975
student976@virginia.edu,firstnamet976,lastnamet976,student976
student977@virginia.edu,firstnamet977,lastnamet977,student977
student978@virginia.edu,firstnamet978,lastnamet978,student978
student979@virginia.edu,firstnamet979,lastnamet979,student979
student980@virginia.edu,firstnamet980,lastnamet980,student980
student981@virginia.edu,firstnamet981,lastnamet981,student981
student982@virginia.edu,firstnamet982,lastnamet982,student982
student983@virginia.edu,firstnamet983,lastnamet983,student983
student984@virginia.edu,firstnamet984,lastnamet984,student984
student985@virginia.edu,firstnamet985,lastnamet985,student985
student986@virginia.edu,firstnamet986,lastnamet986,student986
student987@virginia.edu,firstnamet987,lastnamet987,student987
student988@virginia.edu,firstnamet988,lastnamet988,student988
student989@virginia.edu,firstnamet989,lastnamet989,student989
student990@virginia.edu,firstnamet990,lastnamet990,student990
student991@virginia.edu,firstnamet991,lastnamet991,student991
student992@virginia.edu,firstnamet992,lastnamet992,student992
student993@virginia.edu,firstnamet993,lastnamet993,student993
student994@virginia.edu,firstnamet994,lastnamet994,student994
student995@virginia.edu,firstnamet995,lastnamet995,student995
student996@virginia.edu,firstnamet996,lastnamet996,student996
student997@virginia.edu,firstnamet997,lastnamet997,student997
student998@virginia.edu,firstnamet998,lastnamet998,student998
student999@virginia.edu,firstnamet999,lastnamet999,student999
student1000@virginia.edu,firstname1000,lastname1000,student1000